product_id,order_count,units_sold,sales_value,cum_pct,abc_class,velocity_rank,sku_code,product_name,category,subcategory,brand,unit_price,unit_weight_kg,shelf_life_days,unit_cost
10001,1497,2107,77916.86,3.911630929174789,A,1.0,SKU10001,Namkeen 0001,Snacks,Namkeen,Local,36.98,2.276,104,28.6
10002,1236,1753,118678.1,7.166063306414183,A,2.0,SKU10002,Frozen Snacks 0002,Frozen,Frozen Snacks,Tata,67.7,4.468,73,47.84
10003,1210,1675,59747.25,10.275689223057643,A,3.0,SKU10003,Cleaner 0003,Household,Cleaner,Dove,35.67,3.761,145,27.08
10004,1146,1593,121322.87999999999,13.233082706766917,A,4.0,SKU10004,Tissue 0004,Household,Tissue,Dove,76.16,4.959,107,54.86
10005,1040,1437,134991.78,15.900863269284322,A,5.0,SKU10005,Detergent 0005,Household,Detergent,Local,93.94,2.68,121,74.04
10006,1016,1397,91615.26,18.494384108419197,A,6.0,SKU10006,Garbage Bags 0006,Household,Garbage Bags,Amul,65.58,3.317,194,47.37
10008,970,1341,91871.91,20.983941334818528,A,8.0,SKU10008,Buns 0008,Bakery,Buns,Amul,68.51,4.74,322,50.86
10007,974,1337,63266.840000000004,23.466072588879605,A,7.0,SKU10007,Chips 0007,Snacks,Chips,Local,47.32,1.547,70,32.7
10009,918,1259,58908.61,25.80339738234475,A,9.0,SKU10009,Flour 0009,Staples,Flour,ITC,46.79,1.863,266,31.39
10010,883,1209,105376.44,28.04789752158173,A,10.0,SKU10010,Coffee 0010,Beverages,Coffee,Parle,87.16,3.706,278,56.08
10012,377,502,23172.32,28.97985705003249,A,11.0,SKU10012,Onion 0012,Vegetables,Onion,Britannia,46.16,2.831,259,27.5
10011,357,483,10553.550000000001,29.876543209876544,A,12.0,SKU10011,Chips 0011,Snacks,Chips,Nestle,21.85,2.046,63,14.78
10014,345,471,12175.35,30.750951452705838,A,13.0,SKU10014,Ice Cream 0014,Frozen,Ice Cream,Dove,25.85,2.569,65,16.04
10015,337,461,49778.78,31.6067947646895,A,14.0,SKU10015,Garbage Bags 0015,Household,Garbage Bags,Nestle,107.98,4.54,274,63.87
10013,333,449,9060.82,32.440360159658404,A,15.0,SKU10013,Cakes 0013,Bakery,Cakes,Britannia,20.18,3.613,305,15.44
10016,289,414,35363.88,33.20894829666759,A,17.0,SKU10016,Soap 0016,Personal Care,Soap,Nestle,85.42,2.126,131,52.66
10017,296,407,15506.7,33.96454098208484,A,16.0,SKU10017,Juice 0017,Beverages,Juice,Local,38.1,3.253,287,29.62
10018,278,384,9891.84,34.67743432655713,A,18.0,SKU10018,Rice 0018,Staples,Rice,Britannia,25.76,1.745,175,16.46
10021,267,371,67941.23,35.3661932609301,A,20.0,SKU10021,Coffee 0021,Beverages,Coffee,Parle,183.13,0.673,143,104.57
10020,268,369,15354.09,36.051239209133946,A,19.0,SKU10020,Water 0020,Beverages,Water,Local,41.61,2.228,55,32.51
10019,246,357,5355.0,36.71400724032303,A,21.0,SKU10019,Namkeen 0019,Snacks,Namkeen,Local,15.0,2.07,293,11.03
10024,231,320,22044.8,37.30808502738327,A,23.0,SKU10024,Chocolate 0024,Snacks,Chocolate,Nestle,68.89,3.295,113,41.92
10022,236,317,21511.62,37.89659333518983,A,22.0,SKU10022,Apple 0022,Fruits,Apple,Britannia,67.86,0.504,101,51.34
10026,231,309,14541.54,38.470249698319876,A,23.0,SKU10026,Cheese 0026,Dairy,Cheese,Britannia,47.06,0.148,48,37.44
10025,230,296,7405.92,39.019771651350595,A,24.0,SKU10025,Sugar 0025,Staples,Sugar,Parle,25.02,3.331,140,18.41
10023,207,271,11184.17,39.522881277267246,A,25.0,SKU10023,Butter 0023,Dairy,Butter,Britannia,41.27,3.354,92,26.13
10034,192,263,32422.64,40.01113895850738,A,28.0,SKU10034,Onion 0034,Vegetables,Onion,Britannia,123.28,1.412,176,72.3
10027,196,262,15033.560000000001,40.497540146662956,A,26.0,SKU10027,Dal 0027,Staples,Dal,ITC,57.38,1.666,258,36.13
10030,193,250,16217.500000000002,40.96166341780377,A,27.0,SKU10030,Soap 0030,Personal Care,Soap,Amul,64.87,4.31,257,45.39
10029,182,248,20107.84,41.42207370277546,A,30.0,SKU10029,Orange 0029,Fruits,Orange,Parle,81.08,3.902,303,50.94
10031,183,247,18836.22,41.88062749466258,A,29.0,SKU10031,Cookies 0031,Bakery,Cookies,Tata,76.26,1.271,56,54.75
10032,172,245,9481.5,42.33546830038058,A,34.0,SKU10032,Tissue 0032,Household,Tissue,Amul,38.7,3.356,27,27.66
10033,183,243,20783.79,42.786596119929456,A,29.0,SKU10033,Detergent 0033,Household,Detergent,Britannia,85.53,0.69,155,61.44
10028,180,239,12499.699999999999,43.230297967140075,A,31.0,SKU10028,Flour 0028,Staples,Flour,Amul,52.3,1.029,201,36.8
10038,172,238,11809.56,43.67214332126613,A,34.0,SKU10038,Sugar 0038,Staples,Sugar,Parle,49.62,4.556,273,28.28
10035,175,236,7931.96,44.11027568922306,A,33.0,SKU10035,Cheese 0035,Dairy,Cheese,Dove,33.61,0.736,89,24.78
10044,172,234,27937.260000000002,44.544695071010864,A,34.0,SKU10044,Coffee 0044,Beverages,Coffee,Nestle,119.39,1.313,299,89.61
10036,170,229,8021.87,44.96983198737585,A,35.0,SKU10036,Fries 0036,Frozen,Fries,Amul,35.03,1.453,285,25.65
10043,176,229,14225.48,45.39496890374083,A,32.0,SKU10043,Onion 0043,Vegetables,Onion,Dove,62.12,3.07,161,41.56
10039,164,225,24786.0,45.81267984776757,A,36.0,SKU10039,Face Wash 0039,Personal Care,Face Wash,Parle,110.16,1.052,41,73.88
10046,163,219,7467.900000000001,46.21925183328692,A,37.0,SKU10046,Curd 0046,Dairy,Curd,Parle,34.1,1.636,89,26.39
10037,160,216,22997.52,46.62025433955259,A,38.0,SKU10037,Water 0037,Beverages,Water,ITC,106.47,3.39,213,78.18
10051,150,208,8673.6,47.00640490114174,A,40.0,SKU10051,Frozen Peas 0051,Frozen,Frozen Peas,Parle,41.7,2.03,85,29.91
10042,148,203,11836.93,47.38327299730808,A,41.0,SKU10042,Cakes 0042,Bakery,Cakes,ITC,58.31,4.767,164,35.57
10041,156,200,22604.0,47.75457161422074,A,39.0,SKU10041,Tissue 0041,Household,Tissue,Dove,113.02,3.522,76,64.81
10040,139,195,8533.199999999999,48.11658776571057,A,42.0,SKU10040,Garbage Bags 0040,Household,Garbage Bags,Tata,43.76,2.733,297,28.9
10065,133,190,12576.1,48.469321451777596,A,46.0,SKU10065,Face Wash 0065,Personal Care,Face Wash,Amul,66.19,4.224,7,39.64
10055,134,188,4416.12,48.81834215167549,A,45.0,SKU10055,Juice 0055,Beverages,Juice,Local,23.49,4.683,263,16.74
10052,138,187,18124.04,49.16550635848881,A,43.0,SKU10052,Cleaner 0052,Household,Cleaner,Amul,96.92,4.382,171,77.59
10050,137,187,14041.83,49.512670565302145,A,44.0,SKU10050,Face Wash 0050,Personal Care,Face Wash,Dove,75.09,0.165,66,51.42
10054,130,186,6852.240000000001,49.85797827903091,A,47.0,SKU10054,Fries 0054,Frozen,Fries,Britannia,36.84,2.248,144,25.52
10066,121,174,12548.880000000001,50.18100807574492,A,54.0,SKU10066,Soft Drink 0066,Beverages,Soft Drink,Nestle,72.12,4.892,161,43.89
10045,128,167,7608.52,50.49104242086698,A,48.0,SKU10045,Soft Drink 0045,Beverages,Soft Drink,Local,45.56,3.146,102,27.97
10047,125,166,7242.580000000001,50.799220272904485,A,51.0,SKU10047,Namkeen 0047,Snacks,Namkeen,Tata,43.63,4.882,125,30.43
10049,127,166,4143.36,51.10739812494199,A,49.0,SKU10049,Cleaner 0049,Household,Cleaner,Dove,24.96,3.443,67,16.91
10048,126,165,11294.25,51.41371948389492,A,50.0,SKU10048,Cookies 0048,Bakery,Cookies,Local,68.45,2.028,132,51.7
10063,122,164,12749.359999999999,51.7181843497633,A,53.0,SKU10063,Coffee 0063,Beverages,Coffee,Nestle,77.74,4.568,134,62.95
10057,116,161,9949.8,52.01707973637798,A,56.0,SKU10057,Frozen Peas 0057,Frozen,Frozen Peas,Britannia,61.8,1.645,332,35.19
10059,115,159,7647.900000000001,52.31226213682354,A,57.0,SKU10059,Butter 0059,Dairy,Butter,Tata,48.1,2.475,65,32.71
10053,126,159,2621.91,52.607444537269096,A,50.0,SKU10053,Onion 0053,Vegetables,Onion,ITC,16.49,3.071,126,11.26
10073,115,158,4630.98,52.90077044463009,A,57.0,SKU10073,Cookies 0073,Bakery,Cookies,Amul,29.31,3.242,197,20.63
10068,123,156,23562.239999999998,53.190383365821965,A,52.0,SKU10068,Apple 0068,Fruits,Apple,Parle,151.04,3.835,111,83.1
10061,118,155,9368.199999999999,53.478139793929266,A,55.0,SKU10061,Garbage Bags 0061,Household,Garbage Bags,Local,60.44,1.704,68,41.3
10056,114,153,5526.36,53.76218323586745,A,58.0,SKU10056,Potato 0056,Vegetables,Potato,Britannia,36.12,4.277,89,27.06
10060,115,153,7714.26,54.04622667780563,A,57.0,SKU10060,Coffee 0060,Beverages,Coffee,Parle,50.42,3.179,115,40.28
10089,107,152,9124.56,54.32841362665924,A,63.0,SKU10089,Soap 0089,Personal Care,Soap,Tata,60.03,1.981,304,37.67
10067,108,151,9561.32,54.608744082428295,A,62.0,SKU10067,Potato 0067,Vegetables,Potato,Local,63.32,3.738,256,36.45
10058,110,147,7338.24,54.881648565859095,A,60.0,SKU10058,Onion 0058,Vegetables,Onion,Britannia,49.92,2.746,274,34.41
10069,106,147,7683.6900000000005,55.154553049289895,A,64.0,SKU10069,Chocolate 0069,Snacks,Chocolate,Local,52.27,3.825,314,34.84
10064,112,147,11179.35,55.42745753272069,A,59.0,SKU10064,Buns 0064,Bakery,Buns,Amul,76.05,4.623,49,51.08
10070,109,141,6603.03,55.689223057644114,A,61.0,SKU10070,Toothpaste 0070,Personal Care,Toothpaste,Amul,46.83,2.429,136,35.48
10071,107,137,5132.02,55.94356261022928,A,63.0,SKU10071,Ice Cream 0071,Frozen,Ice Cream,Amul,37.46,2.309,328,28.02
10080,99,136,10746.72,56.196045669729884,A,65.0,SKU10080,Flour 0080,Staples,Flour,Dove,79.02,4.31,235,52.26
10090,91,136,3587.68,56.44852872923048,A,70.0,SKU10090,Buns 0090,Bakery,Buns,Tata,26.38,4.993,331,16.29
10074,99,134,4691.34,56.69729880256196,A,65.0,SKU10074,Flour 0074,Staples,Flour,Amul,35.01,1.482,279,20.71
10072,99,130,4236.700000000001,56.938642903555184,A,65.0,SKU10072,Water 0072,Beverages,Water,Dove,32.59,1.239,87,18.21
10092,96,129,13145.1,57.17813051146384,A,67.0,SKU10092,Cakes 0092,Bakery,Cakes,Dove,101.9,0.812,289,72.07
10078,92,129,4802.67,57.417618119372506,A,69.0,SKU10078,Tomato 0078,Vegetables,Tomato,Amul,37.23,1.133,182,23.76
10110,86,127,5610.86,57.653392741112036,A,75.0,SKU10110,Bread 0110,Bakery,Bread,Britannia,44.18,3.281,305,30.83
10062,92,127,4187.19,57.88916736285157,A,69.0,SKU10062,Cakes 0062,Bakery,Cakes,ITC,32.97,1.259,101,22.3
10088,97,126,4387.32,58.123085491506544,A,66.0,SKU10088,Face Wash 0088,Personal Care,Face Wash,Dove,34.82,0.623,324,21.26
10075,91,125,6587.500000000001,58.355147127076954,A,70.0,SKU10075,Soap 0075,Personal Care,Soap,ITC,52.7,1.326,23,42.38
10096,95,124,3798.12,58.5853522695628,A,68.0,SKU10096,Garbage Bags 0096,Household,Garbage Bags,Parle,30.63,4.905,31,22.13
10087,89,124,7717.76,58.81555741204864,A,72.0,SKU10087,Apple 0087,Fruits,Apple,Parle,62.24,3.883,162,51.02
10112,90,123,10082.31,59.043906061449924,A,71.0,SKU10112,Toothpaste 0112,Personal Care,Toothpaste,ITC,81.97,4.997,41,56.27
10101,88,121,3668.7200000000003,59.26854172468207,A,73.0,SKU10101,Orange 0101,Fruits,Orange,Dove,30.32,4.43,172,23.49
10076,84,121,7808.13,59.49317738791423,A,77.0,SKU10076,Detergent 0076,Household,Detergent,Local,64.53,2.951,339,38.41
10095,85,119,1946.84,59.71410006497726,A,76.0,SKU10095,Garbage Bags 0095,Household,Garbage Bags,Dove,16.36,4.668,277,11.32
10105,82,119,3525.97,59.93502274204029,A,79.0,SKU10105,Chips 0105,Snacks,Chips,Tata,29.63,0.923,165,24.18
10093,92,118,5678.16,60.15408892601875,A,69.0,SKU10093,Rice 0093,Staples,Rice,Tata,48.12,2.143,132,39.37
10132,82,117,7208.37,60.371298616912654,A,79.0,SKU10132,Banana 0132,Fruits,Banana,Local,61.61,0.762,222,43.56
10077,87,116,6497.16,60.58665181472199,A,74.0,SKU10077,Butter 0077,Dairy,Butter,Tata,56.01,2.079,134,40.28
10094,83,115,7530.200000000001,60.800148519446765,A,78.0,SKU10094,Milk 0094,Dairy,Milk,Britannia,65.48,3.117,169,53.52
10083,86,114,8187.48,61.01178873108697,A,75.0,SKU10083,Flour 0083,Staples,Flour,Britannia,71.82,1.714,228,57.07
10098,85,113,3609.2200000000003,61.22157244964262,A,76.0,SKU10098,Toothpaste 0098,Personal Care,Toothpaste,Parle,31.94,0.733,7,25.61
10084,85,113,6777.74,61.43135616819827,A,76.0,SKU10084,Capsicum 0084,Vegetables,Capsicum,Local,59.98,3.998,364,41.09
10081,84,113,5696.33,61.64113988675392,A,77.0,SKU10081,Water 0081,Beverages,Water,Dove,50.41,0.88,10,38.06
10097,82,112,5279.68,61.84906711222501,A,79.0,SKU10097,Garbage Bags 0097,Household,Garbage Bags,Nestle,47.14,0.395,259,36.87
10079,79,111,9504.93,62.05513784461153,A,82.0,SKU10079,Tissue 0079,Household,Tissue,Dove,85.63,4.089,230,61.93
10085,83,109,2885.23,62.257495590828924,A,78.0,SKU10085,Sugar 0085,Staples,Sugar,Nestle,26.47,4.204,173,19.96
10109,81,108,3107.16,62.45799684396176,A,80.0,SKU10109,Apple 0109,Fruits,Apple,Amul,28.77,3.447,235,18.32
10129,74,107,3903.3599999999997,62.65664160401003,A,85.0,SKU10129,Potato 0129,Vegetables,Potato,Dove,36.48,4.017,273,22.77
10108,73,104,2486.64,62.84971688480461,A,86.0,SKU10108,Buns 0108,Bakery,Buns,Nestle,23.91,2.529,202,14.89
10124,75,103,7359.35,63.04093567251462,A,84.0,SKU10124,Chocolate 0124,Snacks,Chocolate,ITC,71.45,4.169,325,49.98
10086,80,103,5435.31,63.232154460224635,A,81.0,SKU10086,Orange 0086,Fruits,Orange,Dove,52.77,0.735,224,41.13
10118,76,103,4108.67,63.42337324793465,A,83.0,SKU10118,Tissue 0118,Household,Tissue,Nestle,39.89,2.333,309,23.31
10114,79,101,2270.48,63.61087904947554,A,82.0,SKU10114,Coffee 0114,Beverages,Coffee,ITC,22.48,0.521,83,14.84
10091,79,101,10755.49,63.79838485101643,A,82.0,SKU10091,Flour 0091,Staples,Flour,Parle,106.49,1.003,185,66.13
10123,72,100,2350.0,63.984034159472756,A,87.0,SKU10123,Butter 0123,Dairy,Butter,ITC,23.5,3.948,45,17.74
10131,71,99,7723.98,64.16782697484452,A,88.0,SKU10131,Frozen Snacks 0131,Frozen,Frozen Snacks,Tata,78.02,4.471,300,44.07
10139,73,99,6840.9,64.35161979021628,A,86.0,SKU10139,Rice 0139,Staples,Rice,Local,69.1,0.053,225,39.34
10113,68,99,6099.389999999999,64.53541260558805,A,91.0,SKU10113,Toothpaste 0113,Personal Care,Toothpaste,Britannia,61.61,2.606,260,44.48
10106,75,99,6122.160000000001,64.71920542095981,A,84.0,SKU10106,Chocolate 0106,Snacks,Chocolate,Tata,61.84,2.146,208,49.14
10100,79,99,14672.79,64.90299823633157,A,82.0,SKU10100,Detergent 0100,Household,Detergent,Dove,148.21,1.39,175,102.67
10125,65,98,3189.8999999999996,65.08493455861877,A,93.0,SKU10125,Garbage Bags 0125,Household,Garbage Bags,Britannia,32.55,4.115,60,18.09
10102,70,98,3520.1600000000003,65.26687088090597,A,89.0,SKU10102,Garbage Bags 0102,Household,Garbage Bags,ITC,35.92,3.334,181,22.7
10121,68,98,7835.1,65.44880720319317,A,91.0,SKU10121,Chocolate 0121,Snacks,Chocolate,Tata,79.95,3.378,244,53.61
10104,69,97,11852.43,65.62888703239581,A,90.0,SKU10104,Coffee 0104,Beverages,Coffee,ITC,122.19,4.171,149,99.72
10082,72,96,3781.44,65.80711036851388,A,87.0,SKU10082,Rice 0082,Staples,Rice,Local,39.39,0.087,316,24.12
10107,65,96,13030.079999999998,65.98533370463196,A,93.0,SKU10107,Curd 0107,Dairy,Curd,Britannia,135.73,2.783,279,103.91
10099,74,96,7491.84,66.16355704075002,A,85.0,SKU10099,Coffee 0099,Beverages,Coffee,Local,78.04,3.964,212,47.22
10111,70,95,3998.55,66.33992388378353,A,89.0,SKU10111,Water 0111,Beverages,Water,ITC,42.09,4.961,361,29.52
10120,68,95,6798.2,66.51629072681705,A,91.0,SKU10120,Soap 0120,Personal Care,Soap,Nestle,71.56,0.305,363,55.79
10127,71,94,2518.2599999999998,66.690801076766,A,88.0,SKU10127,Shampoo 0127,Personal Care,Shampoo,Britannia,26.79,1.642,48,16.01
10115,72,91,6429.150000000001,66.85974194746125,A,87.0,SKU10115,Dal 0115,Staples,Dal,Parle,70.65,3.653,73,53.15
10150,61,91,4306.12,67.0286828181565,A,97.0,SKU10150,Garbage Bags 0150,Household,Garbage Bags,Nestle,47.32,4.105,148,33.68
10122,70,91,6216.21,67.19762368885176,A,89.0,SKU10122,Chocolate 0122,Snacks,Chocolate,Nestle,68.31,1.799,318,41.77
10117,72,89,9190.140000000001,67.3628515733779,A,87.0,SKU10117,Butter 0117,Dairy,Butter,Nestle,103.26,1.626,26,66.01
10133,65,88,3534.96,67.52622296481945,A,93.0,SKU10133,Orange 0133,Fruits,Orange,Dove,40.17,4.401,230,22.33
10103,66,88,5404.96,67.68959435626103,A,92.0,SKU10103,Chocolate 0103,Snacks,Chocolate,Dove,61.42,0.604,180,41.07
10165,64,87,11965.98,67.85110925461802,A,94.0,SKU10165,Face Wash 0165,Personal Care,Face Wash,Parle,137.54,0.923,281,105.75
10116,68,86,3517.3999999999996,68.01076765989046,A,91.0,SKU10116,Chocolate 0116,Snacks,Chocolate,Britannia,40.9,4.884,289,26.18
10157,63,85,12951.45,68.16856957207834,A,95.0,SKU10157,Tomato 0157,Vegetables,Tomato,Parle,152.37,3.764,270,85.69
10138,62,83,3324.1499999999996,68.3226584980971,A,96.0,SKU10138,Apple 0138,Fruits,Apple,Parle,40.05,0.311,204,26.82
10144,63,83,1356.22,68.47674742411584,A,95.0,SKU10144,Orange 0144,Fruits,Orange,Dove,16.34,4.124,72,12.97
10141,63,82,3644.08,68.62897985705003,A,95.0,SKU10141,Dal 0141,Staples,Dal,ITC,44.44,3.884,80,35.16
10160,62,81,4119.66,68.77935579689965,A,96.0,SKU10160,Milk 0160,Dairy,Milk,Britannia,50.86,1.135,296,28.23
10142,65,81,8740.71,68.92973173674928,A,93.0,SKU10142,Orange 0142,Fruits,Orange,Tata,107.91,0.222,63,59.67
10181,63,81,1971.54,69.0801076765989,A,95.0,SKU10181,Face Wash 0181,Personal Care,Face Wash,Local,24.34,3.687,359,19.47
10119,59,80,3176.8,69.22862712336396,A,98.0,SKU10119,Chocolate 0119,Snacks,Chocolate,Parle,39.71,2.153,281,23.86
10191,50,80,14375.999999999998,69.37714657012903,A,107.0,SKU10191,Onion 0191,Vegetables,Onion,Parle,179.7,2.122,269,128.62
10148,57,78,1616.94,69.52195303072496,A,100.0,SKU10148,Chocolate 0148,Snacks,Chocolate,Tata,20.73,4.124,346,15.1
10146,56,78,15234.96,69.66675949132089,A,101.0,SKU10146,Toothpaste 0146,Personal Care,Toothpaste,Parle,195.32,0.777,23,115.34
10200,55,77,3308.69,69.80970945883226,A,102.0,SKU10200,Garbage Bags 0200,Household,Garbage Bags,ITC,42.97,3.399,362,29.12
10180,59,77,1791.79,69.95265942634364,A,98.0,SKU10180,Tomato 0180,Vegetables,Tomato,Dove,23.27,1.481,158,12.91
10126,61,77,4728.57,70.09560939385501,B,97.0,SKU10126,Tomato 0126,Vegetables,Tomato,Tata,61.41,2.112,116,39.02
10222,53,76,5486.44,70.23670286828181,B,104.0,SKU10222,Dal 0222,Staples,Dal,ITC,72.19,4.308,150,41.43
10140,54,76,3178.32,70.37779634270862,B,103.0,SKU10140,Cheese 0140,Dairy,Cheese,Dove,41.82,2.21,109,32.07
10158,57,76,4522.0,70.51888981713543,B,100.0,SKU10158,Cookies 0158,Bakery,Cookies,Dove,59.5,2.35,65,38.38
10220,51,76,2547.5200000000004,70.65998329156224,B,106.0,SKU10220,Cakes 0220,Bakery,Cakes,Tata,33.52,0.922,72,27.37
10178,56,76,3496.7599999999998,70.80107676598905,B,101.0,SKU10178,Capsicum 0178,Vegetables,Capsicum,Parle,46.01,1.143,98,27.81
10170,54,76,4867.799999999999,70.94217024041585,B,103.0,SKU10170,Chips 0170,Snacks,Chips,Local,64.05,0.729,297,39.47
10179,55,76,3983.92,71.08326371484266,B,102.0,SKU10179,Apple 0179,Fruits,Apple,ITC,52.42,3.298,3,41.99
10197,54,76,7758.84,71.22435718926947,B,103.0,SKU10197,Tissue 0197,Household,Tissue,Amul,102.09,2.633,209,58.22
10155,59,75,1939.5,71.36359417061172,B,98.0,SKU10155,Juice 0155,Beverages,Juice,Parle,25.86,3.774,245,16.73
10136,53,74,4105.5199999999995,71.5009746588694,B,104.0,SKU10136,Dal 0136,Staples,Dal,Nestle,55.48,2.693,127,39.6
10183,53,74,3110.96,71.63835514712707,B,104.0,SKU10183,Shampoo 0183,Personal Care,Shampoo,Local,42.04,2.777,255,23.26
10246,56,74,4159.54,71.77573563538476,B,101.0,SKU10246,Buns 0246,Bakery,Buns,ITC,56.21,2.905,37,37.2
10159,54,73,3366.7599999999998,71.91125963055788,B,103.0,SKU10159,Potato 0159,Vegetables,Potato,Local,46.12,1.871,83,34.22
10128,56,73,4982.25,72.046783625731,B,101.0,SKU10128,Curd 0128,Dairy,Curd,Nestle,68.25,3.757,147,49.62
10171,56,72,2545.92,72.18045112781955,B,101.0,SKU10171,Ice Cream 0171,Frozen,Ice Cream,Tata,35.36,3.285,154,19.85
10274,59,72,4904.64,72.31411862990811,B,98.0,SKU10274,Soft Drink 0274,Beverages,Soft Drink,Amul,68.12,2.794,147,49.1
10195,56,72,5914.08,72.44778613199666,B,101.0,SKU10195,Coffee 0195,Beverages,Coffee,Britannia,82.14,1.958,247,48.58
10161,51,71,5272.46,72.57959714100065,B,106.0,SKU10161,Bread 0161,Bakery,Bread,Local,74.26,1.081,357,49.65
10218,52,71,3767.9700000000003,72.71140815000464,B,105.0,SKU10218,Biscuits 0218,Snacks,Biscuits,Amul,53.07,1.075,70,32.88
10135,54,70,3065.9999999999995,72.84136266592407,B,103.0,SKU10135,Frozen Snacks 0135,Frozen,Frozen Snacks,Dove,43.8,0.81,158,25.93
10176,58,70,3788.3999999999996,72.9713171818435,B,99.0,SKU10176,Water 0176,Beverages,Water,Dove,54.12,4.371,352,41.81
10184,48,70,1059.8,73.10127169776293,B,109.0,SKU10184,Onion 0184,Vegetables,Onion,Local,15.14,4.151,93,11.45
10169,56,70,5126.1,73.23122621368235,B,101.0,SKU10169,Frozen Peas 0169,Frozen,Frozen Peas,Parle,73.23,4.952,364,52.21
10182,50,69,4794.12,73.35932423651722,B,107.0,SKU10182,Soap 0182,Personal Care,Soap,Dove,69.48,2.854,159,56.07
10156,51,69,5344.05,73.48742225935209,B,106.0,SKU10156,Rice 0156,Staples,Rice,Tata,77.45,2.546,71,47.29
10229,46,69,3390.6600000000003,73.61552028218695,B,111.0,SKU10229,Tomato 0229,Vegetables,Tomato,Tata,49.14,1.067,270,31.47
10207,48,68,5975.84,73.74176181193725,B,109.0,SKU10207,Butter 0207,Dairy,Butter,Parle,87.88,4.457,266,53.54
10149,55,68,3179.0,73.86800334168755,B,102.0,SKU10149,Chips 0149,Snacks,Chips,Amul,46.75,2.718,279,34.86
10247,49,68,4884.44,73.99424487143786,B,108.0,SKU10247,Face Wash 0247,Personal Care,Face Wash,Tata,71.83,4.041,152,49.63
10251,52,68,5477.4,74.12048640118816,B,105.0,SKU10251,Garbage Bags 0251,Household,Garbage Bags,Britannia,80.55,2.494,65,52.43
10134,57,68,7670.4,74.24672793093846,B,100.0,SKU10134,Juice 0134,Beverages,Juice,ITC,112.8,0.526,342,87.89
10166,54,68,3402.72,74.37296946068876,B,103.0,SKU10166,Coffee 0166,Beverages,Coffee,Tata,50.04,0.918,52,37.14
10163,49,67,3971.76,74.4973544973545,B,108.0,SKU10163,Tissue 0163,Household,Tissue,Tata,59.28,0.639,336,42.37
10152,49,67,2096.43,74.62173953402024,B,108.0,SKU10152,Toothpaste 0152,Personal Care,Toothpaste,Tata,31.29,2.003,304,21.38
10147,55,67,2986.86,74.74612457068598,B,102.0,SKU10147,Buns 0147,Bakery,Buns,Dove,44.58,4.311,230,26.96
10137,55,66,4122.36,74.86865311426715,B,102.0,SKU10137,Curd 0137,Dairy,Curd,ITC,62.46,0.384,363,41.85
10205,47,66,4216.08,74.99118165784833,B,110.0,SKU10205,Cleaner 0205,Household,Cleaner,Local,63.88,3.249,327,41.5
10164,52,66,2964.06,75.1137102014295,B,105.0,SKU10164,Detergent 0164,Household,Detergent,Amul,44.91,0.476,333,34.12
10412,46,65,2306.2,75.2343822519261,B,111.0,SKU10412,Face Wash 0412,Personal Care,Face Wash,Parle,35.48,4.657,181,27.03
10236,44,65,6238.05,75.35505430242273,B,113.0,SKU10236,Butter 0236,Dairy,Butter,Nestle,95.97,0.654,148,55.79
10153,47,65,4741.75,75.47572635291934,B,110.0,SKU10153,Juice 0153,Beverages,Juice,Amul,72.95,3.702,3,46.04
10198,48,65,2734.55,75.59639840341595,B,109.0,SKU10198,Fries 0198,Frozen,Fries,Parle,42.07,1.608,209,31.43
10193,45,65,4308.2,75.71707045391256,B,112.0,SKU10193,Soft Drink 0193,Beverages,Soft Drink,Britannia,66.28,4.142,307,43.92
10167,46,65,8171.15,75.83774250440918,B,111.0,SKU10167,Detergent 0167,Household,Detergent,Parle,125.71,4.124,110,72.63
10190,50,65,4226.3,75.95841455490579,B,107.0,SKU10190,Fries 0190,Frozen,Fries,Amul,65.02,1.338,139,50.68
10206,50,65,3138.2000000000003,76.0790866054024,B,107.0,SKU10206,Mango 0206,Fruits,Mango,Dove,48.28,0.901,190,28.83
10219,48,65,5996.900000000001,76.199758655899,B,109.0,SKU10219,Namkeen 0219,Snacks,Namkeen,ITC,92.26,2.143,64,68.0
10186,42,64,4003.84,76.31857421331105,B,115.0,SKU10186,Butter 0186,Dairy,Butter,Nestle,62.56,0.182,283,49.71
10199,46,64,2810.88,76.4373897707231,B,111.0,SKU10199,Mango 0199,Fruits,Mango,ITC,43.92,2.842,133,34.22
10168,49,64,2012.16,76.55620532813515,B,108.0,SKU10168,Cookies 0168,Bakery,Cookies,Amul,31.44,2.023,248,21.32
10143,49,64,2076.8,76.6750208855472,B,108.0,SKU10143,Frozen Peas 0143,Frozen,Frozen Peas,Britannia,32.45,3.279,83,19.41
10316,44,64,2032.64,76.79383644295925,B,113.0,SKU10316,Apple 0316,Fruits,Apple,Amul,31.76,4.82,266,23.25
10301,48,64,3572.48,76.9126520003713,B,109.0,SKU10301,Toothpaste 0301,Personal Care,Toothpaste,Amul,55.82,4.268,313,38.31
10211,50,63,1077.93,77.02961106469878,B,107.0,SKU10211,Buns 0211,Bakery,Buns,Britannia,17.11,0.344,52,10.4
10145,50,63,7697.34,77.14657012902627,B,107.0,SKU10145,Water 0145,Beverages,Water,Parle,122.18,0.882,273,85.33
10130,47,63,1811.25,77.26352919335376,B,110.0,SKU10130,Water 0130,Beverages,Water,Local,28.75,2.482,99,16.32
10175,51,63,1476.09,77.38048825768124,B,106.0,SKU10175,Soft Drink 0175,Beverages,Soft Drink,Britannia,23.43,4.879,126,14.0
10231,50,63,1573.74,77.49744732200872,B,107.0,SKU10231,Buns 0231,Bakery,Buns,Dove,24.98,4.652,50,17.25
10225,45,63,3416.49,77.61440638633621,B,112.0,SKU10225,Soft Drink 0225,Beverages,Soft Drink,Britannia,54.23,0.324,271,30.87
10241,45,63,3961.44,77.7313654506637,B,112.0,SKU10241,Cakes 0241,Bakery,Cakes,Local,62.88,4.984,362,46.26
10174,47,63,2925.72,77.84832451499118,B,110.0,SKU10174,Face Wash 0174,Personal Care,Face Wash,Local,46.44,4.382,102,30.73
10201,45,62,5026.96,77.9634270862341,B,112.0,SKU10201,Mango 0201,Fruits,Mango,Tata,81.08,0.377,322,55.76
10192,47,62,4176.32,78.07852965747702,B,110.0,SKU10192,Frozen Peas 0192,Frozen,Frozen Peas,Parle,67.36,3.802,305,48.23
10275,46,62,6323.379999999999,78.19363222871995,B,111.0,SKU10275,Water 0275,Beverages,Water,ITC,101.99,1.638,339,81.68
10293,42,61,3432.4700000000003,78.3068783068783,B,115.0,SKU10293,Milk 0293,Dairy,Milk,Parle,56.27,4.623,224,34.99
10162,47,61,1401.78,78.42012438503667,B,110.0,SKU10162,Butter 0162,Dairy,Butter,Parle,22.98,3.77,98,16.63
10266,42,61,2867.61,78.53337046319503,B,115.0,SKU10266,Soft Drink 0266,Beverages,Soft Drink,Local,47.01,4.638,101,27.13
10259,43,60,3442.2,78.64476004826882,B,114.0,SKU10259,Shampoo 0259,Personal Care,Shampoo,Britannia,57.37,0.561,78,37.41
10227,44,60,1952.3999999999999,78.75614963334262,B,113.0,SKU10227,Toothpaste 0227,Personal Care,Toothpaste,Tata,32.54,1.361,193,24.52
10250,50,60,3545.4,78.86753921841641,B,107.0,SKU10250,Biscuits 0250,Snacks,Biscuits,Tata,59.09,2.518,74,42.3
10202,40,60,6929.4,78.9789288034902,B,117.0,SKU10202,Detergent 0202,Household,Detergent,Parle,115.49,0.055,16,73.26
10185,49,60,4850.400000000001,79.090318388564,B,108.0,SKU10185,Fries 0185,Frozen,Fries,Amul,80.84,3.567,283,65.64
10248,43,60,2982.6,79.2017079736378,B,114.0,SKU10248,Bread 0248,Bakery,Bread,ITC,49.71,0.893,171,31.09
10318,41,60,3960.0,79.31309755871159,B,116.0,SKU10318,Curd 0318,Dairy,Curd,Local,66.0,0.979,162,42.63
10188,42,60,1695.6000000000001,79.42448714378538,B,115.0,SKU10188,Bread 0188,Bakery,Bread,Parle,28.26,3.028,282,19.74
10263,40,59,2675.0600000000004,79.53402023577462,B,117.0,SKU10263,Cookies 0263,Bakery,Cookies,Amul,45.34,2.073,233,31.24
10204,46,59,2604.85,79.64355332776385,B,111.0,SKU10204,Water 0204,Beverages,Water,Dove,44.15,4.478,77,33.02
10210,44,59,2178.28,79.75308641975309,B,113.0,SKU10210,Frozen Peas 0210,Frozen,Frozen Peas,Parle,36.92,4.681,34,27.62
10261,42,58,7779.54,79.86076301865775,B,115.0,SKU10261,Orange 0261,Fruits,Orange,Tata,134.13,2.967,197,95.27
10214,45,58,2864.04,79.96843961756242,B,112.0,SKU10214,Banana 0214,Fruits,Banana,Amul,49.38,1.018,273,38.51
10208,40,58,1027.18,80.0761162164671,B,117.0,SKU10208,Butter 0208,Dairy,Butter,ITC,17.71,2.376,296,11.96
10154,44,58,4116.26,80.18379281537176,B,113.0,SKU10154,Juice 0154,Beverages,Juice,Britannia,70.97,1.324,249,48.18
10317,40,58,3761.88,80.29146941427643,B,117.0,SKU10317,Apple 0317,Fruits,Apple,Tata,64.86,4.285,356,40.29
10151,44,57,2830.0499999999997,80.39728952009654,B,113.0,SKU10151,Frozen Snacks 0151,Frozen,Frozen Snacks,Britannia,49.65,0.509,23,40.08
10321,44,57,2913.27,80.50310962591665,B,113.0,SKU10321,Namkeen 0321,Snacks,Namkeen,Britannia,51.11,1.904,69,34.55
10173,44,57,5706.27,80.60892973173675,B,113.0,SKU10173,Soft Drink 0173,Beverages,Soft Drink,Local,100.11,1.995,350,67.36
10267,44,57,1873.59,80.71474983755685,B,113.0,SKU10267,Coffee 0267,Beverages,Coffee,ITC,32.87,4.667,45,25.03
10257,38,56,1835.68,80.81871345029239,B,119.0,SKU10257,Water 0257,Beverages,Water,Parle,32.78,1.639,71,21.52
10217,43,56,1826.1599999999999,80.92267706302793,B,114.0,SKU10217,Rice 0217,Staples,Rice,Tata,32.61,0.541,87,26.09
10226,42,55,4264.700000000001,81.02478418267891,B,115.0,SKU10226,Detergent 0226,Household,Detergent,Tata,77.54,1.819,314,52.6
10187,39,55,2101.55,81.1268913023299,B,118.0,SKU10187,Potato 0187,Vegetables,Potato,Tata,38.21,0.295,222,31.03
10189,43,55,4560.6,81.22899842198088,B,114.0,SKU10189,Potato 0189,Vegetables,Potato,Amul,82.92,2.457,212,47.36
10240,39,55,6234.8,81.33110554163186,B,118.0,SKU10240,Curd 0240,Dairy,Curd,Britannia,113.36,2.654,91,67.02
10223,41,54,2638.98,81.43135616819828,B,116.0,SKU10223,Milk 0223,Dairy,Milk,Local,48.87,1.636,160,35.77
10230,42,54,1605.42,81.53160679476468,B,115.0,SKU10230,Soap 0230,Personal Care,Soap,Local,29.73,4.447,252,23.14
10292,37,54,3595.86,81.6318574213311,B,120.0,SKU10292,Flour 0292,Staples,Flour,Nestle,66.59,1.993,335,53.62
10272,36,53,4437.16,81.73025155481295,B,121.0,SKU10272,Soft Drink 0272,Beverages,Soft Drink,Tata,83.72,2.336,344,52.48
10213,40,53,1831.1499999999999,81.82864568829481,B,117.0,SKU10213,Detergent 0213,Household,Detergent,Dove,34.55,2.95,124,22.53
10194,37,53,2662.19,81.92703982177666,B,120.0,SKU10194,Face Wash 0194,Personal Care,Face Wash,Britannia,50.23,2.828,79,35.38
10376,42,53,1407.15,82.02543395525852,B,115.0,SKU10376,Bread 0376,Bakery,Bread,Tata,26.55,4.182,36,16.81
10209,38,53,1913.83,82.12382808874037,B,119.0,SKU10209,Water 0209,Beverages,Water,Britannia,36.11,2.407,280,29.05
10221,39,52,1800.7600000000002,82.22036572913765,B,118.0,SKU10221,Coffee 0221,Beverages,Coffee,Tata,34.63,0.717,206,20.45
10255,41,52,4685.2,82.31690336953496,B,116.0,SKU10255,Frozen Snacks 0255,Frozen,Frozen Snacks,Nestle,90.1,2.945,88,55.6
10249,36,52,3262.48,82.41344100993224,B,121.0,SKU10249,Cakes 0249,Bakery,Cakes,Britannia,62.74,4.894,49,35.05
10262,40,52,3675.3600000000006,82.50997865032953,B,117.0,SKU10262,Milk 0262,Dairy,Milk,Local,70.68,1.825,293,39.29
10300,39,52,3215.16,82.60651629072682,B,118.0,SKU10300,Bread 0300,Bakery,Bread,Local,61.83,3.73,20,38.33
10196,37,51,3806.1299999999997,82.70119743803954,B,120.0,SKU10196,Mango 0196,Fruits,Mango,Parle,74.63,1.39,3,55.95
10203,37,51,2213.91,82.79587858535227,B,120.0,SKU10203,Garbage Bags 0203,Household,Garbage Bags,Tata,43.41,1.101,77,35.24
10371,38,51,3294.6,82.890559732665,B,119.0,SKU10371,Milk 0371,Dairy,Milk,Amul,64.6,0.273,241,50.26
10254,31,51,905.25,82.98524087997772,B,126.0,SKU10254,Ice Cream 0254,Frozen,Ice Cream,Local,17.75,2.018,170,9.83
10332,32,51,3146.19,83.07992202729045,B,125.0,SKU10332,Orange 0332,Fruits,Orange,Tata,61.69,3.984,44,46.37
10302,36,51,2515.83,83.17460317460318,B,121.0,SKU10302,Toothpaste 0302,Personal Care,Toothpaste,Local,49.33,2.507,316,38.58
10350,35,51,1780.4099999999999,83.2692843219159,B,122.0,SKU10350,Cleaner 0350,Household,Cleaner,Dove,34.91,0.983,269,20.22
10253,34,51,1238.79,83.36396546922863,B,123.0,SKU10253,Orange 0253,Fruits,Orange,Local,24.29,1.935,148,14.07
10271,36,51,1756.95,83.45864661654136,B,121.0,SKU10271,Orange 0271,Fruits,Orange,Local,34.45,2.861,10,26.05
10273,40,51,3833.67,83.55332776385409,B,117.0,SKU10273,Toothpaste 0273,Personal Care,Toothpaste,Amul,75.17,3.311,188,57.33
10243,43,51,1574.3700000000001,83.64800891116681,B,114.0,SKU10243,Cakes 0243,Bakery,Cakes,Amul,30.87,2.036,33,19.37
10284,37,51,6455.58,83.74269005847954,B,120.0,SKU10284,Potato 0284,Vegetables,Potato,Dove,126.58,3.79,60,85.08
10239,44,50,1721.0,83.83551471270769,B,113.0,SKU10239,Garbage Bags 0239,Household,Garbage Bags,Nestle,34.42,4.108,27,20.25
10224,37,50,3773.5,83.92833936693586,B,120.0,SKU10224,Tissue 0224,Household,Tissue,Dove,75.47,1.836,176,48.43
10212,40,50,1686.0,84.02116402116403,B,117.0,SKU10212,Coffee 0212,Beverages,Coffee,Local,33.72,1.115,145,26.37
10237,36,50,873.0,84.11398867539218,B,121.0,SKU10237,Tissue 0237,Household,Tissue,Parle,17.46,4.269,90,13.78
10314,40,50,2783.5,84.20681332962035,B,117.0,SKU10314,Frozen Peas 0314,Frozen,Frozen Peas,Tata,55.67,2.706,342,40.84
10403,34,49,765.87,84.29778149076395,B,123.0,SKU10403,Orange 0403,Fruits,Orange,ITC,15.63,2.441,346,9.68
10377,36,49,2598.4700000000003,84.38874965190755,B,121.0,SKU10377,Cheese 0377,Dairy,Cheese,Amul,53.03,0.821,218,42.47
10172,40,49,2923.3399999999997,84.47971781305115,B,117.0,SKU10172,Cookies 0172,Bakery,Cookies,Britannia,59.66,2.271,87,36.41
10324,35,49,2982.14,84.57068597419475,B,122.0,SKU10324,Flour 0324,Staples,Flour,Britannia,60.86,2.435,272,42.87
10264,36,49,1711.57,84.66165413533835,B,121.0,SKU10264,Fries 0264,Frozen,Fries,Tata,34.93,2.186,98,22.46
10344,36,49,735.0,84.75262229648195,B,121.0,SKU10344,Water 0344,Beverages,Water,Britannia,15.0,3.113,287,8.97
10233,34,49,2244.69,84.84359045762555,B,123.0,SKU10233,Butter 0233,Dairy,Butter,Tata,45.81,0.582,61,30.72
10335,39,49,2103.08,84.93455861876915,B,118.0,SKU10335,Frozen Peas 0335,Frozen,Frozen Peas,Amul,42.92,1.554,114,34.46
10359,36,48,2798.3999999999996,85.02367028682818,B,121.0,SKU10359,Milk 0359,Dairy,Milk,ITC,58.3,4.363,166,37.23
10348,35,48,2167.2,85.11278195488721,B,122.0,SKU10348,Sugar 0348,Staples,Sugar,Amul,45.15,1.111,91,28.06
10421,33,48,2341.44,85.20189362294626,B,124.0,SKU10421,Butter 0421,Dairy,Butter,Parle,48.78,4.887,307,39.07
10260,39,48,4174.08,85.29100529100529,B,118.0,SKU10260,Biscuits 0260,Snacks,Biscuits,ITC,86.96,4.337,331,60.28
10303,40,48,1525.44,85.38011695906432,B,117.0,SKU10303,Bread 0303,Bakery,Bread,Tata,31.78,2.355,198,21.33
10340,35,48,2659.2,85.46922862712336,B,122.0,SKU10340,Cookies 0340,Bakery,Cookies,Parle,55.4,3.466,213,35.58
10424,35,47,1498.36,85.55648380209784,B,122.0,SKU10424,Buns 0424,Bakery,Buns,Tata,31.88,0.81,345,23.74
10373,36,47,974.3100000000001,85.64373897707232,B,121.0,SKU10373,Ice Cream 0373,Frozen,Ice Cream,ITC,20.73,4.196,27,13.83
10307,39,47,3313.5,85.73099415204679,B,118.0,SKU10307,Cleaner 0307,Household,Cleaner,Amul,70.5,4.4,197,48.88
10297,34,47,6304.11,85.81824932702126,B,123.0,SKU10297,Tomato 0297,Vegetables,Tomato,Parle,134.13,3.418,28,107.46
10363,35,47,1801.9800000000002,85.90550450199574,B,122.0,SKU10363,Juice 0363,Beverages,Juice,Amul,38.34,0.228,297,28.92
10244,35,47,1465.93,85.99275967697021,B,122.0,SKU10244,Potato 0244,Vegetables,Potato,Local,31.19,1.653,275,18.33
10269,36,47,6265.1,86.08001485194468,B,121.0,SKU10269,Cheese 0269,Dairy,Cheese,Nestle,133.3,1.68,102,74.12
10351,36,47,2179.86,86.16727002691916,B,121.0,SKU10351,Flour 0351,Staples,Flour,Local,46.38,1.753,107,28.52
10322,27,47,1377.57,86.25452520189363,B,130.0,SKU10322,Onion 0322,Vegetables,Onion,Britannia,29.31,0.55,193,18.98
10256,38,46,4548.48,86.33992388378353,B,119.0,SKU10256,Biscuits 0256,Snacks,Biscuits,Dove,98.88,0.684,107,66.57
10398,36,46,1397.94,86.42532256567344,B,121.0,SKU10398,Buns 0398,Bakery,Buns,Britannia,30.39,2.751,222,24.05
10177,36,46,1599.42,86.51072124756335,B,121.0,SKU10177,Cookies 0177,Bakery,Cookies,ITC,34.77,1.002,205,27.81
10238,35,46,1188.1799999999998,86.59611992945327,B,122.0,SKU10238,Juice 0238,Beverages,Juice,Nestle,25.83,3.784,337,17.62
10282,33,46,1901.64,86.68151861134318,B,124.0,SKU10282,Mango 0282,Fruits,Mango,ITC,41.34,1.112,14,33.76
10245,34,46,3141.7999999999997,86.76691729323308,B,123.0,SKU10245,Toothpaste 0245,Personal Care,Toothpaste,Parle,68.3,4.746,353,45.7
10234,33,46,1506.5,86.85231597512299,B,124.0,SKU10234,Soap 0234,Personal Care,Soap,Nestle,32.75,0.621,151,26.44
10355,32,46,6510.38,86.9377146570129,B,125.0,SKU10355,Bread 0355,Bakery,Bread,Dove,141.53,4.054,291,85.21
10310,31,46,2362.1,87.02311333890282,B,126.0,SKU10310,Tissue 0310,Household,Tissue,Local,51.35,1.388,48,32.42
10308,32,46,3054.4,87.10851202079272,B,125.0,SKU10308,Cleaner 0308,Household,Cleaner,Amul,66.4,1.897,277,54.03
10298,34,46,3927.4799999999996,87.19391070268263,B,123.0,SKU10298,Chocolate 0298,Snacks,Chocolate,Amul,85.38,2.835,84,58.54
10430,34,46,4479.94,87.27930938457254,B,123.0,SKU10430,Capsicum 0430,Vegetables,Capsicum,Parle,97.39,3.149,95,60.36
10429,32,45,4025.25,87.3628515733779,B,125.0,SKU10429,Butter 0429,Dairy,Butter,ITC,89.45,2.709,197,61.57
10294,31,45,1280.7,87.44639376218323,B,126.0,SKU10294,Sugar 0294,Staples,Sugar,Local,28.46,2.916,310,19.53
10420,33,45,6883.200000000001,87.52993595098859,B,124.0,SKU10420,Detergent 0420,Household,Detergent,Parle,152.96,4.684,13,95.01
10228,34,45,2442.15,87.61347813979393,B,123.0,SKU10228,Water 0228,Beverages,Water,Nestle,54.27,3.072,235,34.03
10397,30,45,1409.85,87.69702032859928,B,127.0,SKU10397,Water 0397,Beverages,Water,ITC,31.33,3.989,87,19.52
10409,33,45,2102.4,87.78056251740462,B,124.0,SKU10409,Orange 0409,Fruits,Orange,Nestle,46.72,0.433,118,36.09
10329,30,44,1754.7200000000003,87.86224821312541,B,127.0,SKU10329,Banana 0329,Fruits,Banana,Amul,39.88,1.881,227,27.26
10288,29,44,4719.88,87.94393390884619,B,128.0,SKU10288,Water 0288,Beverages,Water,ITC,107.27,3.007,286,87.33
10336,31,44,4929.76,88.02561960456697,B,126.0,SKU10336,Mango 0336,Fruits,Mango,Amul,112.04,4.378,184,79.97
10346,30,44,5244.36,88.10730530028776,B,127.0,SKU10346,Frozen Snacks 0346,Frozen,Frozen Snacks,Dove,119.19,2.336,333,66.01
10360,32,44,2884.2,88.18899099600854,B,125.0,SKU10360,Tissue 0360,Household,Tissue,Amul,65.55,3.189,350,37.64
10367,34,44,3784.0,88.27067669172932,B,123.0,SKU10367,Cleaner 0367,Household,Cleaner,Parle,86.0,0.25,144,59.65
10311,34,44,3952.08,88.3523623874501,B,123.0,SKU10311,Tomato 0311,Vegetables,Tomato,Amul,89.82,0.845,46,50.15
10268,32,44,6691.52,88.4340480831709,B,125.0,SKU10268,Garbage Bags 0268,Household,Garbage Bags,Amul,152.08,1.988,94,122.34
10389,33,44,932.8,88.51573377889167,B,124.0,SKU10389,Orange 0389,Fruits,Orange,Amul,21.2,0.517,176,13.24
10299,30,44,2416.04,88.59741947461245,B,127.0,SKU10299,Tomato 0299,Vegetables,Tomato,ITC,54.91,0.181,191,44.6
10451,29,43,1320.53,88.67724867724868,B,128.0,SKU10451,Detergent 0451,Household,Detergent,Britannia,30.71,0.886,162,19.5
10232,32,43,3307.9900000000002,88.7570778798849,B,125.0,SKU10232,Biscuits 0232,Snacks,Biscuits,Dove,76.93,0.544,358,59.82
10320,30,43,4069.0899999999997,88.83690708252112,B,127.0,SKU10320,Chocolate 0320,Snacks,Chocolate,Amul,94.63,4.397,320,70.36
10309,32,43,961.0500000000001,88.91673628515734,B,125.0,SKU10309,Ice Cream 0309,Frozen,Ice Cream,Tata,22.35,2.847,220,13.42
10235,34,43,2237.29,88.99656548779356,B,123.0,SKU10235,Soap 0235,Personal Care,Soap,Dove,52.03,3.117,238,37.76
10216,31,43,2076.8999999999996,89.07639469042978,B,126.0,SKU10216,Tomato 0216,Vegetables,Tomato,Amul,48.3,1.11,136,34.63
10388,29,43,2423.05,89.156223893066,B,128.0,SKU10388,Cakes 0388,Bakery,Cakes,Amul,56.35,4.824,357,32.48
10295,32,42,2235.24,89.23419660261766,B,125.0,SKU10295,Namkeen 0295,Snacks,Namkeen,Tata,53.22,0.073,92,30.57
10426,29,42,2796.78,89.31216931216932,B,128.0,SKU10426,Bread 0426,Bakery,Bread,Local,66.59,1.016,20,47.37
10475,35,42,5146.68,89.39014202172098,B,122.0,SKU10475,Coffee 0475,Beverages,Coffee,Parle,122.54,3.92,48,75.82
10470,28,42,4550.28,89.46811473127262,B,129.0,SKU10470,Bread 0470,Bakery,Bread,Parle,108.34,4.489,296,70.36
10462,32,42,630.0,89.54608744082428,B,125.0,SKU10462,Rice 0462,Staples,Rice,ITC,15.0,2.138,165,9.62
10331,31,42,1875.7199999999998,89.62406015037594,B,126.0,SKU10331,Soap 0331,Personal Care,Soap,Nestle,44.66,0.636,155,27.44
10330,30,42,2679.6,89.7020328599276,B,127.0,SKU10330,Fries 0330,Frozen,Fries,Local,63.8,2.117,106,37.22
10339,26,42,903.84,89.78000556947926,B,131.0,SKU10339,Cakes 0339,Bakery,Cakes,Dove,21.52,2.345,185,17.6
10281,36,42,2391.06,89.85797827903092,B,121.0,SKU10281,Rice 0281,Staples,Rice,Amul,56.93,1.976,94,36.48
10290,35,42,2537.64,89.93595098858256,B,122.0,SKU10290,Milk 0290,Dairy,Milk,ITC,60.42,0.31,78,35.37
10258,26,42,904.68,90.01392369813422,C,131.0,SKU10258,Potato 0258,Vegetables,Potato,ITC,21.54,1.006,290,16.56
10417,29,42,2130.24,90.09189640768588,C,128.0,SKU10417,Dal 0417,Staples,Dal,Parle,50.72,4.88,299,30.22
10491,33,42,3983.7,90.16986911723754,C,124.0,SKU10491,Bread 0491,Bakery,Bread,Dove,94.85,3.739,70,63.16
10289,33,42,2307.06,90.2478418267892,C,124.0,SKU10289,Orange 0289,Fruits,Orange,Nestle,54.93,3.361,60,37.25
10392,29,42,2053.38,90.32581453634086,C,128.0,SKU10392,Garbage Bags 0392,Household,Garbage Bags,Amul,48.89,4.159,111,32.81
10265,31,42,2306.22,90.4037872458925,C,126.0,SKU10265,Juice 0265,Beverages,Juice,Dove,54.91,3.184,220,36.45
10278,27,41,3077.87,90.4799034623596,C,130.0,SKU10278,Chocolate 0278,Snacks,Chocolate,Tata,75.07,0.518,309,50.31
10242,34,41,3285.33,90.5560196788267,C,123.0,SKU10242,Soft Drink 0242,Beverages,Soft Drink,Britannia,80.13,0.269,266,45.1
10286,34,41,4416.93,90.63213589529379,C,123.0,SKU10286,Chips 0286,Snacks,Chips,Nestle,107.73,4.143,234,68.67
10440,29,41,5736.719999999999,90.70825211176088,C,128.0,SKU10440,Orange 0440,Fruits,Orange,Nestle,139.92,4.731,194,82.86
10438,26,41,1682.23,90.78436832822798,C,131.0,SKU10438,Fries 0438,Frozen,Fries,Britannia,41.03,1.168,80,30.52
10385,34,41,2573.57,90.86048454469507,C,123.0,SKU10385,Detergent 0385,Household,Detergent,Tata,62.77,1.588,220,48.07
10372,32,41,2768.3199999999997,90.93660076116217,C,125.0,SKU10372,Ice Cream 0372,Frozen,Ice Cream,Dove,67.52,4.683,174,53.46
10342,33,41,2110.68,91.01271697762925,C,124.0,SKU10342,Curd 0342,Dairy,Curd,Dove,51.48,3.358,145,35.53
10378,28,41,2334.54,91.08883319409635,C,129.0,SKU10378,Flour 0378,Staples,Flour,Britannia,56.94,2.698,151,32.77
10325,27,41,2023.3500000000001,91.16494941056345,C,130.0,SKU10325,Coffee 0325,Beverages,Coffee,Dove,49.35,2.844,18,29.99
10456,28,40,3402.0,91.23920913394598,C,129.0,SKU10456,Fries 0456,Frozen,Fries,Parle,85.05,2.622,272,67.41
10410,28,40,3690.7999999999997,91.3134688573285,C,129.0,SKU10410,Chips 0410,Snacks,Chips,Tata,92.27,3.91,206,57.14
10304,31,40,2025.2,91.38772858071104,C,126.0,SKU10304,Orange 0304,Fruits,Orange,Nestle,50.63,0.077,113,31.67
10356,34,40,2223.2,91.46198830409357,C,123.0,SKU10356,Chips 0356,Snacks,Chips,Tata,55.58,4.873,70,36.25
10283,26,40,1151.6,91.53624802747609,C,131.0,SKU10283,Fries 0283,Frozen,Fries,Tata,28.79,2.835,32,15.96
10313,29,40,3647.6,91.61050775085863,C,128.0,SKU10313,Shampoo 0313,Personal Care,Shampoo,Britannia,91.19,2.508,59,55.08
10315,29,39,1395.42,91.6829109811566,C,128.0,SKU10315,Frozen Snacks 0315,Frozen,Frozen Snacks,Parle,35.78,4.829,40,21.43
10361,27,39,10435.619999999999,91.75531421145456,C,130.0,SKU10361,Potato 0361,Vegetables,Potato,ITC,267.58,2.174,4,148.99
10362,26,39,3259.2299999999996,91.82771744175253,C,131.0,SKU10362,Toothpaste 0362,Personal Care,Toothpaste,Britannia,83.57,2.184,264,50.52
10252,29,39,3187.8599999999997,91.90012067205049,C,128.0,SKU10252,Cookies 0252,Bakery,Cookies,Parle,81.74,4.856,69,59.33
10366,28,39,1666.8600000000001,91.97252390234847,C,129.0,SKU10366,Butter 0366,Dairy,Butter,Parle,42.74,4.796,359,29.33
10337,32,39,1191.06,92.04492713264644,C,125.0,SKU10337,Frozen Snacks 0337,Frozen,Frozen Snacks,Britannia,30.54,0.169,246,22.65
10334,28,39,1204.71,92.1173303629444,C,129.0,SKU10334,Chips 0334,Snacks,Chips,Amul,30.89,1.458,88,23.72
10444,25,39,2211.3,92.18973359324237,C,132.0,SKU10444,Milk 0444,Dairy,Milk,ITC,56.7,0.955,91,44.54
10447,28,39,3813.0299999999997,92.26213682354033,C,129.0,SKU10447,Buns 0447,Bakery,Buns,ITC,97.77,3.381,149,56.09
10476,29,39,2273.31,92.3345400538383,C,128.0,SKU10476,Apple 0476,Fruits,Apple,Tata,58.29,2.169,53,38.13
10473,30,39,2127.45,92.40694328413626,C,127.0,SKU10473,Mango 0473,Fruits,Mango,Parle,54.55,4.12,354,30.9
10422,31,39,1124.37,92.47934651443424,C,126.0,SKU10422,Cleaner 0422,Household,Cleaner,Tata,28.83,1.22,145,16.75
10418,30,39,4711.2,92.5517497447322,C,127.0,SKU10418,Rice 0418,Staples,Rice,Nestle,120.8,1.133,316,93.13
10395,33,39,2383.68,92.62415297503017,C,124.0,SKU10395,Soft Drink 0395,Beverages,Soft Drink,ITC,61.12,4.72,77,40.63
10368,30,39,2162.55,92.69655620532814,C,127.0,SKU10368,Cleaner 0368,Household,Cleaner,Tata,55.45,3.544,129,35.21
10381,27,39,1088.49,92.7689594356261,C,130.0,SKU10381,Cleaner 0381,Household,Cleaner,Amul,27.91,2.016,37,16.05
10215,31,39,3714.75,92.84136266592407,C,126.0,SKU10215,Detergent 0215,Household,Detergent,Dove,95.25,3.414,58,58.6
10280,27,39,872.8199999999999,92.91376589622203,C,130.0,SKU10280,Coffee 0280,Beverages,Coffee,Amul,22.38,3.629,146,13.2
10277,30,39,3082.5600000000004,92.98616912652001,C,127.0,SKU10277,Cookies 0277,Bakery,Cookies,Amul,79.04,1.924,148,44.38
10270,30,38,3661.2999999999997,93.0567158637334,C,127.0,SKU10270,Butter 0270,Dairy,Butter,Dove,96.35,2.283,51,68.64
10287,32,38,2357.14,93.1272626009468,C,125.0,SKU10287,Flour 0287,Staples,Flour,Local,62.03,4.641,159,42.15
10328,29,38,1612.7199999999998,93.19780933816021,C,128.0,SKU10328,Tomato 0328,Vegetables,Tomato,Britannia,42.44,2.154,274,23.79
10326,29,38,1554.2,93.26835607537362,C,128.0,SKU10326,Rice 0326,Staples,Rice,Dove,40.9,4.912,299,32.43
10485,25,38,1801.1999999999998,93.33890281258702,C,132.0,SKU10485,Orange 0485,Fruits,Orange,Parle,47.4,2.154,302,33.59
10380,26,38,3143.36,93.40944954980043,C,131.0,SKU10380,Cookies 0380,Bakery,Cookies,Nestle,82.72,2.859,319,62.7
10419,33,38,1520.0,93.47999628701383,C,124.0,SKU10419,Curd 0419,Dairy,Curd,ITC,40.0,2.603,274,28.31
10431,24,37,4142.5199999999995,93.54868653114268,C,133.0,SKU10431,Fries 0431,Frozen,Fries,Tata,111.96,1.049,192,81.62
10474,28,37,2477.15,93.61737677527151,C,129.0,SKU10474,Garbage Bags 0474,Household,Garbage Bags,Tata,66.95,3.259,212,43.49
10468,23,37,1129.6100000000001,93.68606701940035,C,134.0,SKU10468,Milk 0468,Dairy,Milk,Parle,30.53,4.908,324,17.92
10374,24,37,2819.0299999999997,93.7547572635292,C,133.0,SKU10374,Apple 0374,Fruits,Apple,Britannia,76.19,0.632,360,57.68
10343,28,37,3707.0299999999997,93.82344750765803,C,129.0,SKU10343,Orange 0343,Fruits,Orange,Local,100.19,1.915,304,69.53
10413,29,37,2566.69,93.89213775178688,C,128.0,SKU10413,Tissue 0413,Household,Tissue,ITC,69.37,3.08,174,56.28
10369,26,37,2322.12,93.96082799591572,C,131.0,SKU10369,Capsicum 0369,Vegetables,Capsicum,Parle,62.76,1.544,131,47.63
10383,27,37,1507.75,94.02951824004455,C,130.0,SKU10383,Onion 0383,Vegetables,Onion,Parle,40.75,0.362,189,22.79
10319,26,37,3845.04,94.0982084841734,C,131.0,SKU10319,Buns 0319,Bakery,Buns,Dove,103.92,2.992,22,66.94
10358,27,37,1928.07,94.16689872830224,C,130.0,SKU10358,Tomato 0358,Vegetables,Tomato,Dove,52.11,3.276,290,33.43
10276,26,37,2775.3700000000003,94.23558897243107,C,131.0,SKU10276,Ice Cream 0276,Frozen,Ice Cream,Parle,75.01,1.761,83,61.12
10333,30,37,2315.83,94.30427921655992,C,127.0,SKU10333,Shampoo 0333,Personal Care,Shampoo,Local,62.59,4.197,360,36.63
10454,24,37,3114.6600000000003,94.37296946068876,C,133.0,SKU10454,Juice 0454,Beverages,Juice,Britannia,84.18,0.581,232,55.76
10387,26,36,2823.12,94.43980321173304,C,131.0,SKU10387,Curd 0387,Dairy,Curd,Parle,78.42,1.466,223,61.27
10364,23,36,3190.68,94.5066369627773,C,134.0,SKU10364,Onion 0364,Vegetables,Onion,Amul,88.63,2.696,335,72.46
10365,25,36,1640.16,94.57347071382159,C,132.0,SKU10365,Sugar 0365,Staples,Sugar,Tata,45.56,4.968,58,36.48
10349,28,36,1348.92,94.64030446486586,C,129.0,SKU10349,Butter 0349,Dairy,Butter,Tata,37.47,0.741,283,21.01
10415,25,36,2388.2400000000002,94.70713821591015,C,132.0,SKU10415,Juice 0415,Beverages,Juice,Britannia,66.34,0.83,166,39.03
10411,26,35,1362.8999999999999,94.77211547386986,C,131.0,SKU10411,Ice Cream 0411,Frozen,Ice Cream,Dove,38.94,2.258,221,31.61
10400,27,35,2207.8,94.83709273182957,C,130.0,SKU10400,Milk 0400,Dairy,Milk,Amul,63.08,4.5,241,40.28
10402,24,35,1540.35,94.90206998978928,C,133.0,SKU10402,Apple 0402,Fruits,Apple,Britannia,44.01,3.539,303,29.17
10306,23,35,1022.6999999999999,94.96704724774901,C,134.0,SKU10306,Toothpaste 0306,Personal Care,Toothpaste,Dove,29.22,1.687,226,19.15
10375,26,35,1169.35,95.03202450570872,C,131.0,SKU10375,Curd 0375,Dairy,Curd,Dove,33.41,0.346,82,25.65
10353,24,35,4788.7,95.09700176366843,C,133.0,SKU10353,Banana 0353,Fruits,Banana,Amul,136.82,4.739,93,76.46
10345,26,35,2329.25,95.16197902162814,C,131.0,SKU10345,Fries 0345,Frozen,Fries,Nestle,66.55,0.248,350,47.62
10291,28,35,1106.0,95.22695627958785,C,129.0,SKU10291,Onion 0291,Vegetables,Onion,Amul,31.6,4.73,144,17.82
10285,31,35,4536.35,95.29193353754758,C,126.0,SKU10285,Namkeen 0285,Snacks,Namkeen,ITC,129.61,1.324,287,100.77
10457,28,35,2442.3,95.35691079550729,C,129.0,SKU10457,Cookies 0457,Bakery,Cookies,Parle,69.78,2.566,338,43.15
10305,22,35,1316.0,95.421888053467,C,135.0,SKU10305,Apple 0305,Fruits,Apple,Dove,37.6,3.944,37,29.36
10347,27,34,1056.38,95.48500881834215,C,130.0,SKU10347,Cookies 0347,Bakery,Cookies,Britannia,31.07,2.635,291,24.87
10338,27,34,644.3,95.5481295832173,C,130.0,SKU10338,Ice Cream 0338,Frozen,Ice Cream,Amul,18.95,2.626,185,14.07
10390,24,34,697.34,95.61125034809245,C,133.0,SKU10390,Tomato 0390,Vegetables,Tomato,Parle,20.51,4.343,322,13.57
10279,26,34,2201.16,95.6743711129676,C,131.0,SKU10279,Namkeen 0279,Snacks,Namkeen,Parle,64.74,0.872,231,45.17
10428,23,34,1360.0,95.73749187784276,C,134.0,SKU10428,Ice Cream 0428,Frozen,Ice Cream,Britannia,40.0,4.567,274,22.73
10455,23,34,2063.46,95.80061264271791,C,134.0,SKU10455,Milk 0455,Dairy,Milk,Local,60.69,2.513,136,36.49
10497,26,34,2082.16,95.86373340759306,C,131.0,SKU10497,Namkeen 0497,Snacks,Namkeen,Dove,61.24,1.399,33,35.77
10483,22,34,2947.1200000000003,95.92685417246821,C,135.0,SKU10483,Tissue 0483,Household,Tissue,Britannia,86.68,4.805,301,65.74
10323,27,34,1582.6999999999998,95.98997493734336,C,130.0,SKU10323,Tomato 0323,Vegetables,Tomato,ITC,46.55,4.064,359,36.32
10357,24,34,4461.48,96.05309570221851,C,133.0,SKU10357,Coffee 0357,Beverages,Coffee,Dove,131.22,0.45,124,85.82
10423,25,33,1865.82,96.11435997400909,C,132.0,SKU10423,Flour 0423,Staples,Flour,Nestle,56.54,0.293,153,39.7
10463,23,33,2181.96,96.17562424579968,C,134.0,SKU10463,Water 0463,Beverages,Water,ITC,66.12,0.381,24,48.07
10370,27,33,1814.34,96.23688851759027,C,130.0,SKU10370,Mango 0370,Fruits,Mango,Tata,54.98,4.52,233,41.59
10416,25,33,1896.51,96.29815278938086,C,132.0,SKU10416,Cakes 0416,Bakery,Cakes,Local,57.47,1.069,128,39.78
10396,22,33,2893.77,96.35941706117144,C,135.0,SKU10396,Chips 0396,Snacks,Chips,Tata,87.69,0.678,124,69.05
10386,25,33,1088.67,96.42068133296203,C,132.0,SKU10386,Dal 0386,Staples,Dal,Parle,32.99,0.987,140,23.51
10492,28,33,1466.19,96.48194560475262,C,129.0,SKU10492,Toothpaste 0492,Personal Care,Toothpaste,Tata,44.43,0.699,45,32.81
10399,25,33,1043.1299999999999,96.54320987654322,C,132.0,SKU10399,Ice Cream 0399,Frozen,Ice Cream,Nestle,31.61,2.74,108,21.02
10453,22,32,2795.84,96.60261765524923,C,135.0,SKU10453,Cleaner 0453,Household,Cleaner,Dove,87.37,0.98,41,58.73
10465,23,32,737.92,96.66202543395526,C,134.0,SKU10465,Soap 0465,Personal Care,Soap,Britannia,23.06,1.178,114,18.6
10442,22,32,2148.8,96.72143321266128,C,135.0,SKU10442,Frozen Peas 0442,Frozen,Frozen Peas,Nestle,67.15,3.865,284,55.06
10296,25,32,1678.72,96.78084099136731,C,132.0,SKU10296,Buns 0296,Bakery,Buns,Dove,52.46,0.241,309,34.85
10496,23,32,812.8,96.84024877007333,C,134.0,SKU10496,Coffee 0496,Beverages,Coffee,Local,25.4,4.479,361,17.82
10414,22,32,810.56,96.89965654877936,C,135.0,SKU10414,Biscuits 0414,Snacks,Biscuits,Britannia,25.33,0.224,22,19.66
10482,27,32,1205.44,96.95906432748538,C,130.0,SKU10482,Dal 0482,Staples,Dal,Parle,37.67,3.376,336,26.15
10493,26,32,860.48,97.01847210619141,C,131.0,SKU10493,Fries 0493,Frozen,Fries,Parle,26.89,1.033,140,21.95
10393,26,32,1659.2,97.07787988489743,C,131.0,SKU10393,Tomato 0393,Vegetables,Tomato,Britannia,51.85,4.881,92,32.23
10405,24,32,1152.0,97.13728766360346,C,133.0,SKU10405,Milk 0405,Dairy,Milk,Parle,36.0,1.962,167,21.28
10384,27,32,1706.88,97.19669544230948,C,130.0,SKU10384,Biscuits 0384,Snacks,Biscuits,Local,53.34,4.845,287,40.43
10425,22,32,1199.68,97.25610322101551,C,135.0,SKU10425,Water 0425,Beverages,Water,ITC,37.49,0.363,316,21.22
10394,24,31,1669.0400000000002,97.31365450663696,C,133.0,SKU10394,Fries 0394,Frozen,Fries,Local,53.84,4.219,281,35.32
10406,19,31,1280.6100000000001,97.37120579225842,C,138.0,SKU10406,Face Wash 0406,Personal Care,Face Wash,ITC,41.31,1.84,81,26.65
10477,24,31,1025.48,97.42875707787988,C,133.0,SKU10477,Potato 0477,Vegetables,Potato,Parle,33.08,3.208,97,19.95
10436,24,31,1097.09,97.48630836350135,C,133.0,SKU10436,Toothpaste 0436,Personal Care,Toothpaste,Amul,35.39,1.772,323,22.55
10471,21,31,1328.6599999999999,97.54385964912281,C,136.0,SKU10471,Orange 0471,Fruits,Orange,Parle,42.86,2.404,23,29.79
10435,24,31,1443.67,97.60141093474427,C,133.0,SKU10435,Chips 0435,Snacks,Chips,Britannia,46.57,4.747,268,27.95
10352,23,31,3455.5699999999997,97.65896222036572,C,134.0,SKU10352,Sugar 0352,Staples,Sugar,Local,111.47,0.529,248,69.55
10488,19,30,2229.6,97.71465701290262,C,138.0,SKU10488,Onion 0488,Vegetables,Onion,Nestle,74.32,3.696,78,59.13
10480,24,30,827.7,97.77035180543953,C,133.0,SKU10480,Shampoo 0480,Personal Care,Shampoo,Dove,27.59,1.771,329,18.07
10449,25,30,1912.2,97.82604659797643,C,132.0,SKU10449,Flour 0449,Staples,Flour,Local,63.74,1.182,125,51.06
10433,26,30,3238.5,97.88174139051333,C,131.0,SKU10433,Buns 0433,Bakery,Buns,Local,107.95,3.108,83,86.68
10484,22,30,1666.5,97.93743618305022,C,135.0,SKU10484,Shampoo 0484,Personal Care,Shampoo,ITC,55.55,1.886,122,36.23
10469,22,30,1147.2,97.99313097558712,C,135.0,SKU10469,Toothpaste 0469,Personal Care,Toothpaste,Nestle,38.24,2.372,305,24.34
10467,19,29,2010.2799999999997,98.04696927503944,C,138.0,SKU10467,Flour 0467,Staples,Flour,Amul,69.32,0.302,8,54.53
10479,24,29,1555.27,98.10080757449178,C,133.0,SKU10479,Tissue 0479,Household,Tissue,Britannia,53.63,3.174,63,38.57
10460,22,29,1325.3000000000002,98.15464587394412,C,135.0,SKU10460,Ice Cream 0460,Frozen,Ice Cream,Amul,45.7,2.457,174,25.61
10407,24,29,1290.79,98.20848417339646,C,133.0,SKU10407,Fries 0407,Frozen,Fries,Parle,44.51,1.988,335,31.28
10490,21,29,940.47,98.2623224728488,C,136.0,SKU10490,Water 0490,Beverages,Water,Parle,32.43,1.117,34,18.35
10327,21,29,1796.84,98.31616077230112,C,136.0,SKU10327,Fries 0327,Frozen,Fries,Dove,61.96,3.056,60,39.81
10446,24,28,1912.9599999999998,98.3681425786689,C,133.0,SKU10446,Chocolate 0446,Snacks,Chocolate,Parle,68.32,3.283,85,54.59
10427,21,28,2018.24,98.42012438503667,C,136.0,SKU10427,Chocolate 0427,Snacks,Chocolate,Britannia,72.08,2.864,132,55.52
10472,22,28,4692.240000000001,98.47210619140444,C,135.0,SKU10472,Flour 0472,Staples,Flour,Tata,167.58,0.349,128,105.6
10481,20,28,1345.12,98.52408799777221,C,137.0,SKU10481,Ice Cream 0481,Frozen,Ice Cream,Nestle,48.04,3.33,248,30.9
10312,21,28,2596.16,98.57606980413998,C,136.0,SKU10312,Bread 0312,Bakery,Bread,Tata,92.72,3.886,285,60.81
10354,24,28,1292.48,98.62805161050775,C,133.0,SKU10354,Sugar 0354,Staples,Sugar,Dove,46.16,2.055,191,28.87
10379,20,27,1042.2,98.67817692379096,C,137.0,SKU10379,Sugar 0379,Staples,Sugar,Amul,38.6,4.583,225,31.59
10401,23,27,2747.25,98.72830223707416,C,134.0,SKU10401,Cookies 0401,Bakery,Cookies,Dove,101.75,4.86,341,69.77
10445,19,27,1478.52,98.77842755035738,C,138.0,SKU10445,Biscuits 0445,Snacks,Biscuits,Dove,54.76,1.638,290,37.25
10452,21,27,1410.75,98.82855286364058,C,136.0,SKU10452,Buns 0452,Bakery,Buns,ITC,52.25,4.687,259,33.75
10458,23,27,2686.5,98.87867817692378,C,134.0,SKU10458,Biscuits 0458,Snacks,Biscuits,Nestle,99.5,2.212,194,73.67
10404,18,26,605.54,98.92694699712244,C,139.0,SKU10404,Buns 0404,Bakery,Buns,Local,23.29,2.309,10,15.97
10499,20,26,1711.8400000000001,98.97521581732109,C,137.0,SKU10499,Mango 0499,Fruits,Mango,Tata,65.84,4.782,12,45.24
10434,16,26,554.32,99.02348463751973,C,141.0,SKU10434,Soft Drink 0434,Beverages,Soft Drink,ITC,21.32,4.327,272,16.88
10441,19,26,1304.1599999999999,99.07175345771837,C,138.0,SKU10441,Fries 0441,Frozen,Fries,Amul,50.16,1.923,150,29.0
10461,21,25,1614.5,99.11816578483246,C,136.0,SKU10461,Cleaner 0461,Household,Cleaner,Nestle,64.58,2.416,46,46.92
10478,17,25,1292.0,99.16457811194654,C,140.0,SKU10478,Namkeen 0478,Snacks,Namkeen,Nestle,51.68,4.288,354,32.08
10494,18,25,1704.0,99.21099043906061,C,139.0,SKU10494,Dal 0494,Staples,Dal,Local,68.16,3.153,27,45.92
10341,19,25,1386.25,99.25740276617469,C,138.0,SKU10341,Namkeen 0341,Snacks,Namkeen,Local,55.45,0.859,313,32.94
10500,22,25,1872.25,99.30381509328878,C,135.0,SKU10500,Apple 0500,Fruits,Apple,Parle,74.89,0.814,50,55.82
10450,17,24,1759.6799999999998,99.3483709273183,C,140.0,SKU10450,Bread 0450,Bakery,Bread,ITC,73.32,3.623,349,59.08
10498,18,24,1892.88,99.39292676134781,C,139.0,SKU10498,Apple 0498,Fruits,Apple,Parle,78.87,0.598,28,59.38
10495,19,24,1651.92,99.43748259537733,C,138.0,SKU10495,Mango 0495,Fruits,Mango,Britannia,68.83,3.749,24,39.58
10437,20,24,1390.8000000000002,99.48203842940686,C,137.0,SKU10437,Tomato 0437,Vegetables,Tomato,Local,57.95,0.498,110,41.07
10443,17,24,1166.6399999999999,99.52659426343637,C,140.0,SKU10443,Soft Drink 0443,Beverages,Soft Drink,Parle,48.61,2.725,292,32.71
10432,18,23,1636.22,99.56929360438133,C,139.0,SKU10432,Tomato 0432,Vegetables,Tomato,ITC,71.14,4.013,316,41.41
10464,19,23,345.0,99.61199294532628,C,138.0,SKU10464,Coffee 0464,Beverages,Coffee,ITC,15.0,2.985,234,8.63
10486,19,22,1139.16,99.65283579318667,C,138.0,SKU10486,Juice 0486,Beverages,Juice,Tata,51.78,4.07,63,41.99
10466,15,22,1505.46,99.69367864104706,C,142.0,SKU10466,Garbage Bags 0466,Household,Garbage Bags,Britannia,68.43,3.206,75,51.47
10487,16,22,1342.88,99.73452148890745,C,141.0,SKU10487,Bread 0487,Bakery,Bread,Parle,61.04,2.554,107,42.17
10489,16,22,728.64,99.77536433676785,C,141.0,SKU10489,Ice Cream 0489,Frozen,Ice Cream,Local,33.12,2.326,50,25.31
10391,17,22,1193.72,99.81620718462824,C,140.0,SKU10391,Frozen Snacks 0391,Frozen,Frozen Snacks,Amul,54.26,3.554,285,30.47
10439,17,21,1055.25,99.85519353940407,C,140.0,SKU10439,Chips 0439,Snacks,Chips,Local,50.25,2.217,200,33.64
10408,18,21,1168.86,99.8941798941799,C,139.0,SKU10408,Bread 0408,Bakery,Bread,Dove,55.66,0.494,260,36.83
10448,19,21,2612.82,99.93316624895573,C,138.0,SKU10448,Soap 0448,Personal Care,Soap,Tata,124.42,2.202,11,72.26
10382,16,20,890.9999999999999,99.97029611064698,C,141.0,SKU10382,Cakes 0382,Bakery,Cakes,Tata,44.55,2.253,105,32.4
10459,14,16,1009.6,100.0,C,143.0,SKU10459,Cakes 0459,Bakery,Cakes,Local,63.1,4.974,39,35.85
